Question_ID,Questions,Answers
1590140,What does it mean to have a mental illness?,"Mental illnesses are health conditions that disrupt a person's thoughts, emotions, relationships, and daily functioning. They are associated with distress and diminished capacity to engage in the ordinary activities of daily life. Mental illnesses fall along a continuum of severity: some are fairly mild and only interfere with some aspects of life, such as certain phobias. On the other end of the spectrum lie serious mental illnesses, which result in major functional impairment and interference with daily life. These include such disorders as major depression, schizophrenia, and bipolar disorder, and may require that the person receives care in a hospital. It is important to know that mental illnesses are medical conditions that have nothing to do with a person's character, intelligence, or willpower. Just as diabetes is a disorder of the pancreas, mental illness is a medical condition due to the brain's biology. Similarly to how one would treat diabetes with medication and insulin, mental illness is treatable with a combination of medication and social support. These treatments are highly effective, with 70-90 percent of individuals receiving treatment experiencing a reduction in symptoms and an improved quality of life. With the proper treatment, it is very possible for a person with mental illness to be independent and successful."
2110618,Who does mental illness affect?,"It is estimated that mental illness affects 1 in 5 adults in America, and that 1 in 24 adults have a serious mental illness. Mental illness does not discriminate; it can affect anyone, regardless of gender, age, income, social status, ethnicity, religion, sexual orientation, or background. Although mental illness can affect anyone, certain conditions may be more common in different populations. For instance, eating disorders tend to occur more often in females, while disorders such as attention deficit/hyperactivity disorder is more prevalent in children. Additionally, all ages are susceptible, but the young and the old are especially vulnerable. Mental illnesses usually strike individuals in the prime of their lives, with 75 percent of mental health conditions developing by the age of 24. This makes identification and treatment of mental disorders particularly difficult, because the normal personality and behavioral changes of adolescence may mask symptoms of a mental health condition. Parents and caretakers should be aware of this fact, and take notice of changes in their child's mood, personality, personal habits, and social withdrawal. When these occur in children under 18, they are referred to as serious emotional disturbances (SEDs)."
6361820,What causes mental illness?,"It is estimated that mental illness affects 1 in 5 adults in America, and that 1 in 24 adults have a serious mental illness. Mental illness does not discriminate; it can affect anyone, regardless of gender, age, income, social status, ethnicity, religion, sexual orientation, or background. Although mental illness can affect anyone, certain conditions may be more common in different populations. For instance, eating disorders tend to occur more often in females, while disorders such as attention deficit/hyperactivity disorder is more prevalent in children. Additionally, all ages are susceptible, but the young and the old are especially vulnerable. Mental illnesses usually strike individuals in the prime of their lives, with 75 percent of mental health conditions developing by the age of 24. This makes identification and treatment of mental disorders particularly difficult, because the normal personality and behavioral changes of adolescence may mask symptoms of a mental health condition. Parents and caretakers should be aware of this fact, and take notice of changes in their child’s mood, personality, personal habits, and social withdrawal. When these occur in children under 18, they are referred to as serious emotional disturbances (SEDs)."
9434130,What are some of the warning signs of mental illness?,"Symptoms of mental health disorders vary depending on the type and severity of the condition. The following is a list of general symptoms that may suggest a mental health disorder, particularly when multiple symptoms are expressed at once. In adults: Confused thinking, Long-lasting sadness or irritability, Extreme highs and lows in mood, Excessive fear, worrying, or anxiety, Social withdrawal, Dramatic changes in eating or sleeping habits, Strong feelings of anger, Delusions or hallucinations (seeing or hearing things that are not really there), Increasing inability to cope with daily problems and activities, Thoughts of suicide, Denial of obvious problems, Many unexplained physical problems, Abuse of drugs and/or alcohol. In older children and pre-teens: Abuse of drugs and/or alcohol, Inability to cope with daily problems and activities, Changes in sleeping and/or eating habits, Excessive complaints of physical problems, Defying authority, skipping school, stealing, or damaging property, Intense fear of gaining weight, Long-lasting negative mood, often along with poor appetite and thoughts of death, Frequent outbursts of anger. In younger children: Changes in school performance, Poor grades despite strong efforts, Excessive worrying or anxiety, Hyperactivity, Persistent nightmares, Persistent disobedience and/or aggressive behavior, Frequent temper tantrums"
7657263,Can people with mental illness recover?,"When healing from mental illness, early identification and treatment are of vital importance. Based on the nature of the illness, there are a range of effective treatments available. For any type of treatment, it is essential that the person affected is proactive and fully engaged in their own recovery process. Many people with mental illnesses who are diagnosed and treated respond well, although some might experience a return of symptoms. Even in such cases, with careful monitoring and management of the disorder, it is still quite possible to live a fulfilled and productive life."
1619387,What should I do if I know someone who appears to have the symptoms of a mental disorder?,"Although this website cannot substitute for professional advice, we encourage those with symptoms to talk to their friends and family members and seek the counsel of a mental health professional. The sooner the mental health condition is identified and treated, the sooner they can get on the path to recovery. If you know someone who is having problems, don't assume that the issue will resolve itself. Let them know that you care about them, and that there are treatment options available that will help them heal. Speak with a mental health professional or counselor if you think your friend or family member is experiencing the symptoms of a mental health condition. If the affected loved one knows that you support them, they will be more likely to seek out help."
1030153,How can I find a mental health professional for myself or my child?,Feeling comfortable with the professional you or your child is working with is critical to the success of the treatment. Finding the professional who best fits your needs may require research. Start by searching for providers in your area.
8022026,What treatment options are available?,"Just as there are different types of medications for physical illness, different treatment options are available for individuals with mental illness. Treatment works differently for different people. It is important to find what works best for you or your child."
1155199,"If I become involved in treatment, what do I need to know?","Since beginning treatment is a big step for individuals and families, it can be very overwhelming. It is important to be as involved and engaged in the treatment process as possible. Some questions you will need to have answered include: What is known about the cause of this particular illness? Are there other diagnoses where these symptoms are common? Do you normally include a physical or neurological examination? Are there any additional tests or exams that you would recommend at this point? Would you advise an independent opinion from another psychiatrist at this point? What program of treatment is the most helpful with this diagnosis? Will this program involve services by other specialists? If so, who will be responsible for coordinating these services? What do you see as the family’s role in this program of treatment? How much access will the family have to the individuals who are providing the treatment? What medications are generally used with this diagnosis? How much experience do you have in treating individuals with this illness? What can I do to help you in the treatment?"
7760466,What is the difference between mental health professionals?,"There are many types of mental health professionals. The variety of providers and their services may be confusing. Each have various levels of education, training, and may have different areas of expertise. Finding the professional who best fits your needs may require some research."
2553795,How can I find a mental health professional right for my child or myself?,Feeling comfortable with the professional you or your child is working with is critical to the success of your treatment. Finding the professional who best fits your needs may require some research.
1259439,If I become involved in treatment what do I need to know?,"Beginning treatment is a big step for individuals and families and can be very overwhelming. It is important to continue involvement in the treatment process as much as possible. Some questions you will need to have answered include: What is known about the cause of this particular illness? Are there other diagnoses where these symptoms are common? Do you normally include a physical or neurological examination? Are there any additional tests or exams that you would recommend at this point? Would you advise an independent opinion from another psychiatrist at this point? What program of treatment is the most helpful with this diagnosis? Will this program involve services by other specialists? If so, who will be responsible for coordinating these services? What do you see as the family’s role in this program of treatment? How much access will the family have to the individuals who are providing the treatment? What medications are generally used with this diagnosis? What is the biological effect of this medication, and what do you expect it to accomplish? What are the risks associated with the medication? How soon will we be able to tell if the medication is effective, and how will we know? How much experience do you have in treating individuals with this illness? What can I do to help you in the treatment?"
4197817,Where else can I get help?,"Where you go for help will depend on the nature of the problem and/or symptoms and what best fits you. Often, the best place to start is by talking with someone you trust about your concerns, such as a family member, friend, clergy, healthcare provider, or other professionals. Having this social support is essential in healing from mental illness, and you will be able to ask them for referrals or recommendations for trusted mental health practitioners. Search for mental health resources in your area. Secondly, there are people and places throughout Nebraska that provide services to talk, to listen, and to help you on your journey to recovery. Thirdly, many people find peer support a helpful tool that can aid in their recovery. There are a variety of organizations that offer support groups for consumers, their family members, and friends. Some support groups are peer led while others may be led by a mental health professional."
3388962,What should I know before starting a new medication?,"The best source of information regarding medications is the physician prescribing them. He or she should be able to answer questions such as: 1. What is the medication supposed to do? 2. When should it begin to take effect, and how will I know when it is effective? 3. How is the medication taken and for how long? What food, drinks, other medicines, and activities should be avoided while taking this medication? 4. What are the side effects and what should be done if they occur? 5. What do I do if a dose is missed? 6. Is there any written information available about this medication? 7. Are there other medications that might be appropriate? 8. If so, why do you prefer the one you have chosen? 9. How do you monitor medications and what symptoms indicate that they should be raised, lowered, or changed? 10. All medications should be taken as directed. Most medications for mental illnesses do not work when taken irregularly, and extra doses can cause severe, sometimes dangerous side effects. Many psychiatric medications begin to have a beneficial effect only after they have been taken for several weeks."
5343181,"If I feel better after taking medication, does this mean I am ""cured"" and can stop taking it?","It is not uncommon for people to stop taking their medication when they feel their symptoms are under control. Others may choose to stop taking their medication because of its side effects, without realizing that most side effects can be effectively managed. While it may seem reasonable to stop taking the medication, the problem is that most often, the symptoms will return. If you or your child is taking medication, it is very important that you work together with your doctor before making decisions about any changes in your treatment. Another problem with stopping medication, particularly for stopping it abruptly, is that you may develop withdrawal symptoms that can be very unpleasant. If you and your doctor feel a trial off your medicine is a good idea, it is necessary to slowly decrease the dosage of medications so that these symptoms don’t occur. It is important that your doctor and pharmacist work together to make sure your medications are working safely and effectively. You should talk with them about how you are doing and if there are side effects that make you unwilling to continue treatment. They will work with you to develop strategies for minimizing these side effects, or will create a plan for switching to a different treatment that will be a better fit."
5778437,How can I get help paying for my medication?,"Some pharmaceutical companies offer prescription assistance programs to individuals and families with financial needs, while others offer special drug discount cards. These programs typically require a doctor’s consent and proof of your financial status. They may also require that you have either no health insurance or no prescription drug benefit through your health insurance. In addition, there are prescription programs you might qualify for. Visit Healthfinder.gov to learn more."
9541219,Where can I go to find therapy,"Different kinds of therapy are more effective based on the nature of the mental health condition and/or symptoms and the person who has them (for example, children will benefit from a therapist who specializes in children’s mental health). However, there are several different types of treatment and therapy that can help."
3268009,Where can I learn about types of mental health treatment?,"Mental health conditions are often treated with medication, therapy or a combination of the two. However, there are many different types of treatment available, including Complementary & Alternative Treatments, self-help plans, and peer support. Treatments are very personal and should be discussed by the person with the mental health conditions and his or her team."
3340726,What are the different types of mental health professionals?,There are many types of mental health professionals. Finding the right one for you may require some research.
9539480,Where can I go to find a support group?,"Many people find peer support a helpful tool that can aid in their recovery. There are a variety of organizations that offer support groups for consumers, their family members and friends. Some support groups are peer-led, while others may be led by a mental health professional."
4211025,Where can I go to find inpatient care?,"If you or someone you know is in crisis, inpatient care can help. Inpatient care can help people stabilize on new medications, adjust to new symptoms, or get the help they need."
4031860,Where can I go to find other local services?,"There are likely plenty of resources that can be used to help you find mental health treatment in your community. These resources can help you find the right therapist, and enable you to better understand viable treatment options and the treatment process."
5215843,Where can I learn more information about clinical trials?,"Sometimes, consumers of mental health services may consider participating in a research study when they have not experienced improvement despite having tried a variety of medications and treatments. Research studies (also known as clinical trials) may involve the use of new medications or new treatment approaches whose safety and effectiveness is being tested. While we support innovation in the field, consumers should be cautioned that there are risks associated with clinical trials – make sure you’re aware of them before you enroll."
8927672,Where can I learn more information about creating a Psychiatric Advance Directive?,"Similar to a medical advance directive or a health care power of attorney, a psychiatric advance directive is a legal document completed in a time of wellness that provides instructions regarding treatment or services one wishes to have or not have during a mental health crisis, and may help influence his or her care."
7728364,What is mental health?,"We all have mental health which is made up of our beliefs, thoughts, feelings and behaviours."
4194958,What do I do if the support doesn’t help?,"It can be difficult to find the things that will help you, as different things help different people. It's important to be open to a range of approaches and to be committed to finding the right help and to continue to be hopeful, even when some things don't work out."
1667863,Can you prevent mental health problems?,"We can all suffer from mental health challenges, but developing our wellbeing, resilience, and seeking help early can help prevent challenges becoming serious."
8904276,Are there cures for mental health problems?,"It is often more realistic and helpful to find out what helps with the issues you face. Talking, counselling, medication, friendships, exercise, good sleep and nutrition, and meaningful occupation can all help."
4283807,What causes mental health problems?,"Challenges or problems with your mental health can arise from psychological, biological, and social, issues, as well as life events."
8690253,What do I do if I’m worried about my mental health?,"The most important thing is to talk to someone you trust. This might be a friend, colleague, family member, or GP. In addition to talking to someone, it may be useful to find out more information about what you are experiencing. These things may help to get some perspective on what you are experiencing, and be the start of getting help."
2973656,How do I know if I’m unwell?,"If your beliefs , thoughts , feelings or behaviours have a significant impact on your ability to function in what might be considered a normal or ordinary way, it would be important to seek help."
4759773,What should I do if I’m worried about a friend or relative?,This may depend on your relationship with them. Gently encouraging someone to seek appropriate support would be helpful to start with.
1511075,How do I deal with someone telling me what to do?,"Some people may advise you on good evidence of what works with the best of intentions, but it's important to find out what works best for you."
